grid_id,risk_score,positive_rate,samples
0_14,0.10311330402116031,0.0,1
0_2,0.3383253460431445,0.0,1
0_23,0.26444665975348447,0.0,1
0_6,0.18657615685841036,0.0,1
100_1,0.11221823357855035,0.0,1
100_12,0.14807013639837585,0.0,1
100_13,0.8817019623342076,1.0,1
100_14,0.19692013061266972,0.0,1
100_15,0.8372308585012402,1.0,1
100_20,0.8330672491925946,1.0,1
100_22,0.26325099586724127,0.0,1
100_3,0.505797171868368,1.0,1
100_5,0.12109696345237236,0.0,1
101_16,0.7141426338364671,1.0,1
101_17,0.03536639501422071,0.0,1
101_20,0.08598767443088627,0.0,1
102_11,0.020842324175803905,0.0,1
102_14,0.019947393355550527,0.0,1
102_18,0.021030558394855774,0.0,1
103_15,0.9929720013265894,1.0,1
103_17,0.6070646561732567,1.0,1
103_21,0.034525008411792395,0.0,1
103_22,0.2225757107211447,0.0,1
103_24,0.9719477201181013,1.0,1
103_7,0.054874743212650776,0.0,1
103_8,0.07676582854914454,0.0,1
104_1,0.7745485572452383,1.0,1
104_15,0.9412605539062492,1.0,1
104_18,0.34065237995605846,0.0,1
104_2,0.9946145310406298,1.0,1
105_1,0.09832077767032664,0.0,1
105_15,0.7960240209913566,1.0,1
105_16,0.034643029055956565,0.0,1
105_19,0.9838126899200944,1.0,1
105_2,0.31223290247851043,0.0,1
105_22,0.8943405348060164,1.0,1
105_8,0.09891953710371465,0.0,1
106_24,0.6025162409193329,1.0,1
106_3,0.0173550696181756,0.0,1
106_5,0.12724041087947113,0.0,1
107_12,0.0008675045988107244,0.0,1
107_15,0.939201965593358,1.0,1
107_22,0.7043219333795959,1.0,1
108_1,0.9949818606436813,1.0,1
108_17,0.459298909761144,0.0,1
108_18,0.04110193384195428,0.0,1
108_19,0.14846237362603384,0.0,1
108_22,0.31688149683956124,0.0,1
108_9,0.7995849333992506,1.0,1
109_0,0.7611050181954525,1.0,1
109_19,0.016987512645155325,0.0,1
109_2,0.9817249556003587,1.0,1
109_20,0.06056226579477392,0.0,1
109_22,0.9946449262521737,1.0,1
109_23,0.8759741108701713,1.0,1
109_3,0.9995130912448196,1.0,1
109_4,0.39889729553285447,0.0,1
109_6,0.13894850044553927,0.0,1
10_0,0.9693274003061638,1.0,1
10_13,0.9647324643956094,1.0,1
10_16,0.5894156398435587,1.0,1
10_20,0.0860343486958865,0.0,1
10_22,0.7700373920414186,1.0,1
10_23,0.1222332313303086,0.0,1
10_24,0.01732253365155446,0.0,1
110_10,0.999333184134414,1.0,1
110_2,0.18174277533926017,0.0,1
110_24,0.9916668342104208,1.0,1
110_7,0.9995753668106421,1.0,1
110_8,0.048583140536550266,0.0,1
111_13,0.2349606420928505,0.0,1
111_18,0.9999966360930105,1.0,1
111_19,0.13706852454548502,0.0,1
111_5,0.4287102688592511,0.0,1
112_10,0.9998930954903394,1.0,1
112_12,0.12131774901021361,0.0,1
112_17,0.0379432054070064,0.0,1
112_19,0.7671261715608685,1.0,1
112_20,0.9999991825821803,1.0,1
112_23,0.011329917647425674,0.0,1
112_3,0.0035324881997522402,0.0,1
112_4,0.01669345172704327,0.0,1
112_5,0.024610227644079462,0.0,1
112_6,0.08194567547523186,0.0,1
113_7,0.8943234490197133,1.0,1
114_13,0.7202088773651654,1.0,1
114_18,0.44961806227237916,0.0,1
114_23,0.01632248890637871,0.0,1
115_0,0.5567870466258437,1.0,1
115_15,0.30612182137181937,0.0,1
115_19,0.20903269617041148,0.0,1
116_0,0.9292955822302844,1.0,1
116_2,0.4157600305084718,0.0,1
116_20,0.08134623706738225,0.0,1
116_23,0.005929201960680261,0.0,1
116_24,0.42144347022606604,0.0,1
116_9,0.9832811726299727,1.0,1
117_9,0.03224084639246726,0.0,1
118_20,0.3036919219665836,0.0,1
118_5,0.8081109829387052,1.0,1
119_11,0.20132575832676738,0.0,1
119_15,0.20100755853237476,0.0,1
119_16,0.9917604147121574,1.0,1
119_21,0.35977768941216093,0.0,1
119_3,0.012054497243103611,0.0,1
119_4,0.15837372589851437,0.0,1
119_6,0.022088892534152606,0.0,1
119_8,0.8641660105210716,1.0,1
11_1,0.01384662153732004,0.0,1
11_10,0.00828657810913095,0.0,1
11_13,0.7674205289651918,1.0,1
11_14,0.037043096562450514,0.0,1
11_17,0.9929480542181037,1.0,1
11_3,0.9016790086005095,1.0,1
11_7,0.23976258656012495,0.0,1
120_22,0.2447694583421138,0.0,1
120_23,0.019925121877827752,0.0,1
120_24,0.09268484812035716,0.0,1
120_3,0.020279157151835685,0.0,1
121_18,0.06430055206234528,0.0,1
121_23,0.6308871694534706,1.0,1
122_11,0.958529569667878,1.0,1
122_15,0.02067749616595455,0.0,1
122_17,0.14860174201463036,0.0,1
122_19,0.34705828320935295,0.0,1
122_22,0.5991704419185545,1.0,1
122_3,0.017781018903305787,0.0,1
123_10,0.008569536362416499,0.0,1
123_14,0.6713237550288518,1.0,1
123_22,0.853222392158609,1.0,1
123_4,0.006542206180146013,0.0,1
123_9,0.21436079453238727,0.0,1
124_1,0.05701932159488511,0.0,1
124_11,0.9766484476912493,1.0,1
124_3,0.996703171437409,1.0,1
124_7,0.1930627509276175,0.0,1
125_1,0.03298925005604363,0.0,1
125_16,0.21225675434723262,0.0,1
125_18,0.04987434663987459,0.0,1
125_24,0.9991955749549097,1.0,1
125_9,0.8613087849800029,1.0,1
126_11,0.09331316004231921,0.0,1
126_12,0.024979858026744413,0.0,1
126_15,0.4223281102606849,0.0,1
126_18,0.9899786179835113,1.0,1
126_6,0.06924901038408177,0.0,1
127_14,0.2731492408515157,0.0,1
127_21,0.9877440360897479,1.0,1
127_22,0.8182475261084061,1.0,1
127_23,0.9099264721217059,1.0,1
127_6,0.47049307527062206,0.0,1
128_16,0.8439224681289926,1.0,1
128_23,0.022850244887734555,0.0,1
128_24,0.9838051088679829,1.0,1
128_6,0.32137540930308256,0.0,1
128_7,0.018301052069647862,0.0,1
128_8,0.20425562772920117,0.0,1
129_14,0.8891705580458253,1.0,1
129_9,0.999503838385006,1.0,1
12_12,0.4600736463295439,0.0,1
12_15,0.32428354991991465,0.0,1
12_4,0.9573720099190118,1.0,1
130_0,0.9991770450807517,1.0,1
130_14,0.08450109992086051,0.0,1
130_16,0.014871935297184561,0.0,1
130_23,0.3928239274175575,0.0,1
130_3,0.0255187453850637,0.0,1
131_15,0.0052399615816903205,0.0,1
131_17,0.48245782440689333,0.0,1
131_20,0.9948668261651543,1.0,1
131_4,0.010339171023256733,0.0,1
131_6,0.3555402443416285,0.0,1
132_0,0.3332916001861402,0.0,1
132_1,0.7173384751909598,1.0,1
132_10,0.9996629996579776,1.0,1
132_12,0.024255482424587006,0.0,1
132_19,0.5203252306356395,1.0,1
132_20,0.022965295681826293,0.0,1
132_3,0.9999960297299785,1.0,1
132_9,0.006988301124387249,0.0,1
133_2,0.9041133985549458,1.0,1
134_21,0.10323889871278799,0.0,1
134_5,0.9233972833851414,1.0,1
135_13,0.9331081379537308,1.0,1
135_15,0.7073590645468186,1.0,1
135_19,0.3088244381592839,0.0,1
135_22,0.2275087754788032,0.0,1
135_23,0.9863800337548995,1.0,1
135_4,0.07310819987126012,0.0,1
135_5,0.07285350379385279,0.0,1
135_8,0.9858119081270862,1.0,1
136_1,0.33724905223439205,0.0,1
136_13,0.2234787113341202,0.0,1
136_15,0.9810435021113607,1.0,1
136_2,0.19876788000536552,0.0,1
136_22,0.09819977265161614,0.0,1
136_6,0.9998815031637546,1.0,1
136_8,0.08241175512663956,0.0,1
137_15,0.0378494390923763,0.0,1
137_16,0.7682115000455686,1.0,1
137_24,0.26999199181549716,0.0,1
137_3,0.40659201638094655,0.0,1
137_4,0.9243308307445489,1.0,1
137_5,0.865545046419274,1.0,1
138_10,0.988353679238311,1.0,1
138_16,0.9999995986470215,1.0,1
138_24,0.5265254565826949,1.0,1
138_4,0.7952073544715034,1.0,1
138_6,0.17005756387032162,0.0,1
139_12,0.8856886982686667,1.0,1
139_14,0.8983612150637086,1.0,1
139_18,0.486948376806275,0.0,1
139_5,0.3462844069286945,0.0,1
139_6,0.37708896421009586,0.0,1
13_1,0.0467632395430992,0.0,1
13_17,0.008710905411415362,0.0,1
13_18,0.9787425870182495,1.0,1
13_2,0.9867671165933651,1.0,1
13_23,0.3010931113438612,0.0,1
13_24,0.8567052058090939,1.0,1
13_5,0.05938397985957891,0.0,1
13_6,0.1409404154657079,0.0,1
13_8,0.9887988473729741,1.0,1
140_10,0.977966827355853,1.0,1
140_11,0.41944060504530245,0.0,1
140_17,0.05388367823581468,0.0,1
140_18,0.3622630944739091,0.0,1
140_19,0.1767914442766145,0.0,1
140_23,0.012450172951441374,0.0,1
141_11,0.9888369538023116,1.0,1
141_18,0.3442802406773481,0.0,1
141_23,0.5835766114649067,1.0,1
141_4,0.9979878363966574,1.0,1
141_7,0.3976297533434418,0.0,1
142_13,0.48138828183201593,0.0,1
142_19,0.5292371470130864,1.0,1
143_11,0.06719817958186382,0.0,1
143_12,0.4575050590640705,0.0,1
143_14,0.0023736352474758005,0.0,1
143_15,0.8925380112307388,1.0,1
143_2,0.05902383300510743,0.0,1
143_4,0.00592080203490301,0.0,1
144_1,0.9624067364841303,1.0,1
144_11,0.039887561793145294,0.0,1
144_14,0.7517710359844204,1.0,1
144_18,0.9500798656366102,1.0,1
144_21,0.5746682971276522,1.0,1
144_22,0.9408527276278877,1.0,1
144_8,0.8996929192722871,1.0,1
145_14,0.23079094195364855,0.0,1
145_2,0.0068101171851461615,0.0,1
145_20,0.6195068948611617,1.0,1
145_4,0.006973997677881571,0.0,1
146_11,0.049792059547849404,0.0,1
146_14,0.23197167796010937,0.0,1
146_15,0.9053822576845234,1.0,1
146_20,0.10307825436500982,0.0,1
146_3,0.024409740078262042,0.0,1
147_0,0.6487933217672297,1.0,1
147_15,0.03913879963518579,0.0,1
147_17,0.9998529246947109,1.0,1
147_18,0.007677026132839663,0.0,1
147_22,0.959614694211075,1.0,1
147_7,0.07977948920620707,0.0,1
147_9,0.04858645631167907,0.0,1
148_10,0.18838481064609497,0.0,1
148_13,0.017682807924676396,0.0,1
148_14,0.012914363485555714,0.0,1
148_24,0.1315410957730225,0.0,1
148_3,0.9221536108492473,1.0,1
148_9,0.932133084677289,1.0,1
149_13,0.09255019560188976,0.0,1
149_16,0.020726884278287876,0.0,1
149_2,0.9934390985033863,1.0,1
149_3,0.6520864735087617,1.0,1
149_5,0.30935599837608285,0.0,1
149_6,0.4172981574914895,0.0,1
149_7,0.9843070370919036,1.0,1
14_1,0.015308119460365956,0.0,1
14_10,0.07870291385915561,0.0,1
14_11,0.014551250216744149,0.0,1
14_14,0.9856410109293722,1.0,1
14_3,0.7985336284907961,1.0,1
14_4,0.011993631615176602,0.0,1
150_15,0.9200375756077506,1.0,1
150_19,0.9443191979322992,1.0,1
150_20,0.28281602900070724,0.0,1
150_3,0.943063224595483,1.0,1
150_5,0.0011279510364373977,0.0,1
150_8,0.029385584624447823,0.0,1
151_1,0.3104237528936775,0.0,1
151_11,0.09688523695597094,0.0,1
151_12,0.002051956303131032,0.0,1
151_14,0.9498990816506964,1.0,1
151_16,0.7596949441070855,1.0,1
151_20,0.9998694663800631,1.0,1
151_21,0.02190359637826092,0.0,1
151_3,0.1597122520840106,0.0,1
151_6,0.005273786237500439,0.0,1
151_8,0.9999187059944167,1.0,1
152_21,0.778678511760819,1.0,1
152_22,0.029738020520755568,0.0,1
152_23,0.06375317384987142,0.0,1
152_3,0.09923478229175194,0.0,1
152_7,0.9951324206806383,1.0,1
152_8,0.1329687066327338,0.0,1
153_22,0.9938562509295334,1.0,1
153_24,0.7359458791239263,1.0,1
153_6,0.9986746317980658,1.0,1
153_8,0.08893580049033988,0.0,1
153_9,0.9994500642828796,1.0,1
154_10,0.9959051307935008,1.0,1
154_17,0.7351584541305491,1.0,1
154_18,0.850843427228163,1.0,1
154_22,0.03987285126709034,0.0,1
154_23,0.012314566949619729,0.0,1
154_4,0.709634051316588,1.0,1
155_10,0.998656842721411,1.0,1
155_13,0.2206685189435312,0.0,1
155_14,0.6231373782171522,1.0,1
155_16,0.24289715925466385,0.0,1
155_19,0.9495201032278532,1.0,1
155_20,0.10363722641442366,0.0,1
155_21,0.0036781747679762193,0.0,1
155_22,0.12012970027438599,0.0,1
156_12,0.9999933880954394,1.0,1
156_16,0.09737073061449474,0.0,1
156_18,0.9586594281277973,1.0,1
156_2,0.48105841921691933,0.0,1
156_23,0.3131842097055905,0.0,1
156_3,0.08954456343744478,0.0,1
156_5,0.008524174524951716,0.0,1
157_18,0.1260212587256912,0.0,1
157_22,0.6431230562602068,1.0,1
157_23,0.5495964708213956,1.0,1
157_4,0.02870485463610827,0.0,1
157_6,0.9999988344868473,1.0,1
157_7,0.09640236185489166,0.0,1
157_8,0.11528593038466839,0.0,1
158_19,0.49778730796305715,0.0,1
158_2,0.11085663888707577,0.0,1
158_21,0.5653001610549042,1.0,1
159_0,0.07261354147876255,0.0,1
15_1,0.49658683842377876,0.0,1
15_18,0.004683484257008606,0.0,1
15_24,0.8410974509019886,1.0,1
15_9,0.9991118773529655,1.0,1
16_22,0.9789168022022936,1.0,1
16_3,0.043640430399522395,0.0,1
17_0,0.06563918959157404,0.0,1
17_16,0.9536924588415762,1.0,1
17_17,0.022318178236278366,0.0,1
17_19,0.01868249454854019,0.0,1
17_20,0.6488240945705781,1.0,1
17_5,0.06201831344742552,0.0,1
17_6,0.04844866193950638,0.0,1
18_15,0.45966849991419445,0.0,1
18_17,0.10386288341145186,0.0,1
19_0,0.03908669970230183,0.0,1
19_16,0.004577251199569761,0.0,1
19_17,0.9909495647652066,1.0,1
19_3,0.37171230298910224,0.0,1
1_1,0.0903803627781522,0.0,1
1_14,0.21283704615222762,0.0,1
1_19,0.370378150321401,0.0,1
1_3,0.09959283932149743,0.0,1
1_4,0.9679548273173799,1.0,1
1_7,0.05153512530267257,0.0,1
1_9,0.9603565019935132,1.0,1
20_1,0.2603834386755512,0.0,1
21_12,0.0105930960791845,0.0,1
21_13,0.9646498668957301,1.0,1
21_14,0.015791023500051703,0.0,1
21_19,0.34765970562080384,0.0,1
21_2,0.0394651567408124,0.0,1
21_23,0.670405970365986,1.0,1
22_0,0.8173618164927772,1.0,1
22_11,0.011718675528615006,0.0,1
22_18,0.41796730655053455,0.0,1
22_2,0.5197275112709989,1.0,1
22_20,0.052831397633561414,0.0,1
22_23,0.05866398926634641,0.0,1
23_0,0.9123701753594541,1.0,1
23_15,0.9998344019786217,1.0,1
23_17,0.059446108740734915,0.0,1
23_18,0.7673294284248264,1.0,1
23_24,0.9894606844943679,1.0,1
24_20,0.28686021861120503,0.0,1
24_8,0.1494333920608011,0.0,1
25_19,0.9540741308147078,1.0,1
25_20,0.9998016911595231,1.0,1
25_23,0.609424857311805,1.0,1
26_14,0.5561942580888043,1.0,1
27_12,0.6033213245526536,1.0,1
27_2,0.04962012763410305,0.0,1
27_23,0.031152357175988646,0.0,1
27_24,0.015670727432399546,0.0,1
27_3,0.31875680851144383,0.0,1
27_9,0.5143091180302225,1.0,1
28_1,0.9993648090115199,1.0,1
28_13,0.3328148671717049,0.0,1
28_14,0.6728947159174584,1.0,1
28_16,0.6159880898809764,1.0,1
28_17,0.02979559023604964,0.0,1
28_24,0.6679378312999208,1.0,1
28_6,0.4099254841909198,0.0,1
28_9,0.0012271372926333237,0.0,1
29_10,0.73877635219091,1.0,1
29_19,0.011132946025060498,0.0,1
2_10,0.016613823795386413,0.0,1
2_12,0.28549788641546003,0.0,1
2_2,0.9865269447601139,1.0,1
2_8,0.20467478764094166,0.0,1
30_21,0.7785812032639436,1.0,1
31_11,0.9488388387028158,1.0,1
31_13,0.2631354874956407,0.0,1
31_19,0.9935866150747671,1.0,1
31_24,0.2017331756459807,0.0,1
31_3,0.06303248550848523,0.0,1
31_4,0.994057938054397,1.0,1
31_7,0.9999887589464016,1.0,1
32_0,0.8087315344367727,1.0,1
32_11,0.9743300717440098,1.0,1
32_12,0.21754703029941716,0.0,1
32_13,0.5386063925732675,1.0,1
32_22,0.3406263848928132,0.0,1
32_6,0.022129652486466738,0.0,1
33_0,0.904808830406829,1.0,1
33_10,0.019568013037463847,0.0,1
33_11,0.8878347586764216,1.0,1
33_13,0.1091295842519326,0.0,1
33_16,0.005119135997004807,0.0,1
33_18,0.008859294750221005,0.0,1
33_3,0.04032517075392267,0.0,1
33_7,0.5161614741410265,1.0,1
34_13,0.9999929259418314,1.0,1
34_16,0.15807654875961896,0.0,1
34_18,0.8606871943126738,1.0,1
34_22,0.35012851339792384,0.0,1
34_23,0.68133970978415,1.0,1
35_0,0.9977883273084988,1.0,1
35_13,0.9261256678444015,1.0,1
35_19,0.002061323536082092,0.0,1
35_20,0.35028340181229245,0.0,1
35_3,0.42356431411988565,0.0,1
35_9,0.5283655543826806,1.0,1
36_0,0.9919747599545667,1.0,1
36_12,0.5621178197749479,1.0,1
36_18,0.9991473123437339,1.0,1
36_19,0.34497735870828156,0.0,1
36_2,0.9999793997657168,1.0,1
36_7,0.7629273171879938,1.0,1
36_8,0.9984336648457696,1.0,1
36_9,0.4211642932760886,0.0,1
37_1,0.5675440412032037,1.0,1
37_15,0.9539184659332938,1.0,1
37_16,0.9771639553487136,1.0,1
37_20,0.9986554449832721,1.0,1
37_23,0.008883626562955153,0.0,1
37_24,0.99690978609907,1.0,1
38_24,0.12535119247832244,0.0,1
38_9,0.9958534301357637,1.0,1
39_16,0.9988377646299382,1.0,1
39_17,0.9997263865134546,1.0,1
39_19,0.5024627489306162,1.0,1
39_21,0.5297952872550619,1.0,1
39_5,0.5604762415957429,1.0,1
39_8,0.9951653758815113,1.0,1
3_11,0.05551082239404586,0.0,1
3_17,0.09214508156291985,0.0,1
3_2,0.36040508115109016,0.0,1
3_7,0.10185277647262862,0.0,1
40_1,0.1598544507083208,0.0,1
40_10,0.4270438187117444,0.0,1
40_12,0.9983920822465384,1.0,1
40_17,0.749181666017878,1.0,1
40_18,0.07623397212061347,0.0,1
40_20,0.9997772294168057,1.0,1
40_21,0.9892582754057698,1.0,1
40_22,0.010402121111721355,0.0,1
40_24,0.6141557645261735,1.0,1
41_0,0.8455212690792339,1.0,1
41_13,0.933546993739021,1.0,1
41_14,0.40406507193150565,0.0,1
41_17,0.9998230676087023,1.0,1
41_6,0.833047399914352,1.0,1
42_13,0.16120244832355224,0.0,1
42_22,0.7173509265677444,1.0,1
43_1,0.9334449922999292,1.0,1
43_13,0.03972289878968725,0.0,1
43_17,0.9963954003992503,1.0,1
43_2,0.9999688741565573,1.0,1
43_21,0.3563379445090672,0.0,1
44_16,0.020572038885143504,0.0,1
44_2,0.2013609749207621,0.0,1
44_4,0.003233204732812661,0.0,1
44_5,0.839186220176169,1.0,1
45_1,0.9854880247971771,1.0,1
45_10,0.5080340878346954,1.0,1
45_13,0.2533565911308745,0.0,1
45_15,0.42454432913239015,0.0,1
45_18,0.469580550745109,0.0,1
45_2,0.19024756412736327,0.0,1
45_20,0.4337376891896759,0.0,1
46_0,0.8712590897572552,1.0,1
46_15,0.14647854407573535,0.0,1
46_18,0.003747372833134879,0.0,1
46_20,0.0019192605380335347,0.0,1
46_5,0.9637113758222309,1.0,1
46_8,0.28808272939308355,0.0,1
47_1,0.940794663049436,1.0,1
47_13,0.9276546971333387,1.0,1
47_17,0.43721519330252745,0.0,1
47_20,0.062282677117496764,0.0,1
47_23,0.0026633816024667716,0.0,1
47_24,0.05175244175671963,0.0,1
47_3,0.022294602887766444,0.0,1
47_6,0.9999978246074618,1.0,1
48_15,0.520047085121065,1.0,1
48_5,0.5092055367189157,1.0,1
48_6,0.9979808929520229,1.0,1
49_11,0.16520984136462266,0.0,1
49_12,0.3363343384772156,0.0,1
49_14,0.45236284800318965,0.0,1
49_16,0.6042109091938862,1.0,1
49_19,0.00144971482558657,0.0,1
49_8,0.4485287516623394,0.0,1
4_0,0.9932532334112634,1.0,1
4_10,0.006256034545266451,0.0,1
4_24,0.9837428726053802,1.0,1
4_5,0.8251033279117721,1.0,1
50_1,0.8259424160982126,1.0,1
50_11,0.0428721408120432,0.0,1
50_15,0.0025553583837093505,0.0,1
50_24,0.16127521975362832,0.0,1
50_7,0.988991928690597,1.0,1
50_9,0.3854371111748,0.0,1
51_24,0.7193757995044658,1.0,1
52_13,0.9928147612294007,1.0,1
52_16,0.3440558431652266,0.0,1
52_6,0.26464448510581257,0.0,1
52_7,0.8358606550107122,1.0,1
53_15,0.32672667651620063,0.0,1
53_16,0.13651473703516254,0.0,1
53_21,0.01802832892866698,0.0,1
53_23,0.06620853655936179,0.0,1
53_3,0.997720759167592,1.0,1
54_0,0.1260566773361862,0.0,1
54_18,0.09557320577959771,0.0,1
54_24,0.051693991554213045,0.0,1
54_9,0.29881109110903753,0.0,1
55_14,0.22228252536617998,0.0,1
55_17,0.19367550579514137,0.0,1
55_19,0.57568237028962,1.0,1
55_2,0.9719846956198672,1.0,1
55_23,0.9771595110044686,1.0,1
55_6,0.07996765022589597,0.0,1
55_8,0.9999845883382016,1.0,1
56_1,0.7810694213061298,1.0,1
56_11,0.03997935199422598,0.0,1
56_14,0.9729670526954838,1.0,1
56_17,0.9999852767743549,1.0,1
56_21,0.9983290602349466,1.0,1
56_23,0.9997670340036394,1.0,1
56_24,0.4102504472353556,0.0,1
56_3,0.08253563179160558,0.0,1
56_4,0.053729441050403774,0.0,1
56_8,0.5760815029632071,1.0,1
57_10,0.014917355729744458,0.0,1
57_13,0.4019014584706974,0.0,1
57_17,0.018177044148297114,0.0,1
57_21,0.9490014731350387,1.0,1
57_3,0.03542349498217888,0.0,1
57_6,0.43158360440909666,0.0,1
58_10,0.8483706747108447,1.0,1
58_13,0.9960890485172987,1.0,1
58_21,0.8357338909798386,1.0,1
58_23,0.32317575267916676,0.0,1
59_10,0.016970652692643248,0.0,1
59_11,0.02312566055015646,0.0,1
59_20,0.3169292765768977,0.0,1
59_4,0.9110710633726778,1.0,1
59_6,0.769144242905036,1.0,1
59_7,0.9895386469807372,1.0,1
59_9,0.9418054583111299,1.0,1
5_11,0.9928016876336133,1.0,1
5_4,0.994225763654336,1.0,1
60_1,0.9962897657469245,1.0,1
60_10,0.6031938829343383,1.0,1
60_12,0.886022212902378,1.0,1
60_16,0.08197655041506596,0.0,1
60_17,0.9997697053566356,1.0,1
60_19,0.006520933266421982,0.0,1
60_3,0.9959764224471265,1.0,1
60_4,0.9556641503779792,1.0,1
61_19,0.07642262781231678,0.0,1
61_21,0.0038931383307419048,0.0,1
61_6,0.9994862769955302,1.0,1
61_9,0.34636394766254214,0.0,1
62_11,0.7785271481780143,1.0,1
62_14,0.06275962668103766,0.0,1
62_17,0.9982990309421764,1.0,1
62_21,0.7602529671659741,1.0,1
62_4,0.008113301928455089,0.0,1
63_0,0.044512694135458504,0.0,1
63_13,0.05102736875049311,0.0,1
63_15,0.0975560725024919,0.0,1
63_16,0.8672018994548277,1.0,1
63_19,0.516488966422814,1.0,1
63_24,0.2038788028138451,0.0,1
63_3,0.9999772814980024,1.0,1
63_5,0.4638245017435059,0.0,1
64_10,0.9994868324717155,1.0,1
64_21,0.7384906119864836,1.0,1
64_22,0.9949485054286711,1.0,1
64_23,0.26315019750153046,0.0,1
65_21,0.9953298053869843,1.0,1
65_9,0.20833660812184124,0.0,1
66_17,0.22458816431568604,0.0,1
66_21,0.9997616934717353,1.0,1
66_4,0.9950515195862338,1.0,1
66_5,0.2529725192613073,0.0,1
66_9,0.6739693026359609,1.0,1
67_18,0.9931608378470705,1.0,1
67_23,0.03528909163638596,0.0,1
67_4,0.008137208591521783,0.0,1
67_7,0.07063797579234286,0.0,1
68_11,0.9927177381042532,1.0,1
68_20,0.6468613160427034,1.0,1
68_22,0.8650493916585041,1.0,1
68_4,0.7699458808602642,1.0,1
68_9,0.934695375745674,1.0,1
69_11,0.9953875964694222,1.0,1
69_14,0.11444781492112838,0.0,1
69_17,0.1166623337282243,0.0,1
69_18,0.17808738588311318,0.0,1
69_21,0.07413197460873576,0.0,1
69_22,0.3902576612870133,0.0,1
69_23,0.03892056671187526,0.0,1
69_8,0.9621094955751852,1.0,1
6_1,0.9999225458116511,1.0,1
6_17,0.9994248664259006,1.0,1
6_18,0.004724237794712055,0.0,1
6_22,0.05489626959610306,0.0,1
6_3,0.9368128897080619,1.0,1
70_11,0.15479553652628178,0.0,1
70_12,0.09539104601693292,0.0,1
70_16,0.20368591011879877,0.0,1
70_20,0.9997717465203694,1.0,1
71_0,0.5879534489885269,1.0,1
71_2,0.0362843116439875,0.0,1
71_20,0.9157034379764051,1.0,1
71_21,0.042071199290594476,0.0,1
71_22,0.33012257495450376,0.0,1
71_7,0.9985379983859376,1.0,1
72_16,0.7540145417700471,1.0,1
72_19,0.9992127197734602,1.0,1
72_6,0.36200868068397474,0.0,1
73_1,0.31788584805089254,0.0,1
73_13,0.9999588608497755,1.0,1
73_19,0.9307964447887149,1.0,1
73_4,0.3578105925333543,0.0,1
73_7,0.7958121452894003,1.0,1
74_13,0.01093352653318875,0.0,1
74_14,0.01704819525203563,0.0,1
74_15,0.015235959181349306,0.0,1
74_22,0.9977763526668578,1.0,1
74_6,0.8565591782882994,1.0,1
74_9,0.0767257897538315,0.0,1
75_0,0.08142273931183201,0.0,1
75_11,0.9999964266146124,1.0,1
75_21,0.007139970050290152,0.0,1
75_23,0.7829163838783465,1.0,1
76_11,0.11986102821563743,0.0,1
76_24,0.25767050828729043,0.0,1
77_16,0.491388788625826,0.0,1
77_17,0.462371470201244,0.0,1
77_18,0.48091147763085595,0.0,1
77_21,0.7943752441651697,1.0,1
77_9,0.03884319861123024,0.0,1
78_14,0.9995126814518721,1.0,1
78_20,0.003345987864895954,0.0,1
78_21,0.10280499855133224,0.0,1
78_3,0.9992895734333345,1.0,1
78_6,0.014316183727078657,0.0,1
78_9,0.007628041963981311,0.0,1
79_11,0.9999832052397472,1.0,1
79_13,0.6046708421717312,1.0,1
79_5,0.2723587277426954,0.0,1
79_6,0.9970772004527955,1.0,1
7_15,0.999801184515944,1.0,1
7_7,0.7469877781646299,1.0,1
80_17,0.9499342341862037,1.0,1
80_2,0.05577901780086089,0.0,1
80_22,0.18478446610467322,0.0,1
81_1,0.6882207102623099,1.0,1
81_10,0.7162201313483625,1.0,1
81_13,0.28648705943401165,0.0,1
81_23,0.99401215597363,1.0,1
82_12,0.020253118842308585,0.0,1
82_19,0.49529160880095435,0.0,1
82_20,0.02491888053412878,0.0,1
82_22,0.02976003253971313,0.0,1
83_1,0.009561978938846888,0.0,1
83_11,0.03868547385410847,0.0,1
83_13,0.009757836700434801,0.0,1
83_18,0.02025640433425883,0.0,1
83_22,0.2824819600300917,0.0,1
83_5,0.9919685562368111,1.0,1
84_10,0.034370272923485136,0.0,1
84_11,0.006372986964720117,0.0,1
84_12,0.19481098168334385,0.0,1
84_19,0.15619057941411812,0.0,1
84_2,0.4252152156921118,0.0,1
84_3,0.9881617384768038,1.0,1
84_5,0.11993878152959177,0.0,1
85_0,0.985814370748532,1.0,1
85_11,0.9982956635389643,1.0,1
85_19,0.7584898948387325,1.0,1
85_2,0.05656699933425699,0.0,1
85_9,0.31139824465087335,0.0,1
86_10,0.9957792182615884,1.0,1
86_12,0.2845580076476642,0.0,1
86_14,0.9994387607424594,1.0,1
86_16,0.9158834700093906,1.0,1
86_17,0.07768331152401865,0.0,1
86_19,0.16652386903252464,0.0,1
86_22,0.9997811212894349,1.0,1
86_24,0.08812766885702465,0.0,1
86_7,0.7720278202783093,1.0,1
86_8,0.0866909599282216,0.0,1
87_1,0.9360256498950065,1.0,1
87_11,0.9448901237984564,1.0,1
87_13,0.9238213996034093,1.0,1
87_16,0.10029770281145242,0.0,1
87_22,0.8373816210505698,1.0,1
87_7,0.3157248390243846,0.0,1
88_0,0.8009675826049357,1.0,1
88_16,0.8702684288853999,1.0,1
88_23,0.47275637087508504,0.0,1
88_24,0.15458364166796443,0.0,1
88_8,0.9999654939870979,1.0,1
89_1,0.29043514072822846,0.0,1
89_14,0.7728068039599245,1.0,1
89_20,0.3927373683401439,0.0,1
89_5,0.06896416417531497,0.0,1
89_6,0.2788326192703264,0.0,1
89_7,0.9995856547949703,1.0,1
89_9,0.05661705503393182,0.0,1
8_16,0.40174036400559954,0.0,1
8_18,0.5829748651175592,1.0,1
8_24,0.24959391371530432,0.0,1
8_6,0.3744387006642188,0.0,1
90_16,0.9996304925827411,1.0,1
90_21,0.01967634067794839,0.0,1
91_1,0.9979129457826194,1.0,1
91_12,0.09323217808375986,0.0,1
91_2,0.9889873028632817,1.0,1
91_21,0.027379348290076638,0.0,1
91_6,0.3754837614746585,0.0,1
92_2,0.5392256474479714,1.0,1
92_23,0.009583092424403744,0.0,1
92_5,0.8950759469109776,1.0,1
92_6,0.9795653466464023,1.0,1
92_7,0.17910944550826532,0.0,1
93_15,0.09257880037705686,0.0,1
93_21,0.015091122721314642,0.0,1
93_9,0.7512264901078457,1.0,1
94_17,0.004088686131610445,0.0,1
94_22,0.928559318667796,1.0,1
94_24,0.6772000837249554,1.0,1
94_9,0.638848640376184,1.0,1
95_11,0.9001889088709255,1.0,1
95_16,0.38635940288176646,0.0,1
95_20,0.44241525221781763,0.0,1
95_3,0.18895960421353358,0.0,1
95_7,0.22346049500652443,0.0,1
96_1,0.005437593086561656,0.0,1
96_10,0.9275354592596224,1.0,1
96_17,0.0033784622313180134,0.0,1
96_3,0.9999729459689898,1.0,1
97_10,0.661974516911097,1.0,1
97_11,0.97780732779592,1.0,1
97_2,0.36073447103371775,0.0,1
97_21,0.9989379259068494,1.0,1
97_8,0.9984790326831838,1.0,1
98_14,0.9303193809256508,1.0,1
98_21,0.016732646862012427,0.0,1
98_22,0.994150340418942,1.0,1
99_0,0.9970062263600393,1.0,1
99_1,0.9005219895788519,1.0,1
99_14,0.9993247519847613,1.0,1
99_19,0.6918007316811159,1.0,1
99_24,0.04741043029418758,0.0,1
99_4,0.8775377920717286,1.0,1
99_7,0.3746913539973828,0.0,1
9_11,0.1526623435386711,0.0,1
9_23,0.942036204207063,1.0,1
9_5,0.9996259990592213,1.0,1
9_7,0.17987565588949286,0.0,1
